{"schemaVersion":"1.0","appDefinitionTemplate":{"id":"/providers/Microsoft.PowerApps/apps/","type":"Microsoft.PowerApps/apps","tags":{"primaryDeviceWidth":"1024","primaryDeviceHeight":"768","sienaVersion":"20220225T152818Z-3.22022.23.0","deviceCapabilities":"","supportsPortrait":"false","supportsLandscape":"true","primaryFormFactor":"Tablet","publisherVersion":"3.22022.23","minimumRequiredApiVersion":"2.2.0","hasComponent":"false","hasUnlockedComponent":"false","isUnifiedRootApp":"false"},"properties":{"appVersion":"2022-02-25T15:28:18Z","lifeCycleId":"Published","createdByClientVersion":{"major":3,"minor":22022,"build":23,"revision":0,"majorRevision":0,"minorRevision":0},"minClientVersion":{"major":3,"minor":22022,"build":23,"revision":0,"majorRevision":0,"minorRevision":0},"backgroundColor":"RGBA(0,176,240,1)","backgroundImageUri":"/9628626551373933739/N5f66656c-9a41-4792-a7e6-a7152ce97993-logoSmallFile","displayName":"[Correction] Inventory Management","description":"","commitMessage":"","appUris":{"documentUri":{"value":"/9628626551373933739/N5a26b683-a582-4d98-a317-26fac15cee29-document.msapp"},"imageUris":[]},"createdTime":"0001-01-01T00:00:00Z","lastModifiedTime":"0001-01-01T00:00:00Z","sharedGroupsCount":0,"sharedUsersCount":0,"icons":{"smallIconUri":"/9628626551373933739/N14fb4242-d8ab-4a13-af8c-a5f316157da4-small.png","mediumIconUri":"/9628626551373933739/Nfa00175f-8dce-4ca3-954b-2a05247d5e73-medium.png","largeIconUri":"/9628626551373933739/N9b892bf9-2105-4810-993a-a3330a0789be-large.png","wideIconUri":"/9628626551373933739/Nc3aae583-1208-4f64-9e69-6b5e8ec67507-wide.png"},"connectionReferences":{},"databaseReferences":{},"almMode":"Environment","performanceOptimizationEnabled":true,"canConsumeAppPass":true,"executionRestrictions":{"isTeamsOnly":false,"dataLossPreventionEvaluationResult":{"status":"Compliant","lastEvaluationDate":"2022-02-24T20:30:22.6350722Z","violations":[],"violationsByPolicy":[],"violationErrorMessage":"L’application utilise les connecteurs suivants : ."}}},"appType":"ClassicCanvasApp","appComponents":[]}}